Model,Accuracy,Precision,Recall,F1 Score
Logistic Regression,0.4957983193277311,0.5096189287867322,0.7359438329962378,0.5576593038825495
Random Forest,0.5033613445378151,0.5475522560242466,0.3831118216042656,0.4364840928091952
Gradient Boosting,0.5109243697478991,0.6527240575516438,0.28804645949319824,0.35607565053464063
