Model,Accuracy,Precision,Recall,F1 Score
Naive Baseline,0.5238893545683152,0.5238893545683152,1.0,0.6875687568756875
Logistic Regression,0.502020202020202,0.5141085949291458,0.7179296890056658,0.5847682638037119
Random Forest,0.503030303030303,0.5258383198368524,0.5903509732540314,0.5287732211980212
Decision Tree,0.5,0.5269299691070461,0.4671908613492257,0.47143435264809563
